paradigm,source,correlation,p_value,significant,n
Imperative,Human,0.7086400788331624,4.702270428652365e-18,True,110
Imperative,AI,0.6097341028422466,1.5518201296630587e-12,True,110
Algorithmic,Human,0.6873737675634058,2.5303387122657808e-08,True,51
Algorithmic,AI,0.6035589581661113,2.7546125033850476e-06,True,51
Object-Oriented,Human,0.9933992677987828,0.0731863950403274,False,3
Object-Oriented,AI,0.9707253433941508,0.15442095831126712,False,3
