paradigm,source,slope,intercept,r_squared,p_value,significant
Imperative,Human,1.5798941162315012,-3.887378173504999,0.5021707613286709,4.702270428652196e-18,True
Imperative,AI,3.514746195292558,-15.092305510917834,0.37177567616883855,1.5518201296631835e-12,True
Algorithmic,Human,0.9242795830778662,-0.15910484365419864,0.47248269633431095,2.5303387122657752e-08,True
Algorithmic,AI,2.4317869678010076,-7.991759499465896,0.36428341598256164,2.754612503385075e-06,True
Object-Oriented,Human,5.0,-30.0,0.9868421052631579,0.07318639504032738,False
Object-Oriented,AI,3.5,-14.999999999999998,0.9423076923076923,0.1544209583112665,False
